Age,FrequentWatcher,AnnualIncomeClass,ServicesOpted,AccountSyncedToSocialMedia,BookedFoodOrNot,Id
34,No,Middle Income,6,No,Yes,0
34,Yes,Low Income,5,Yes,No,1
37,No,Middle Income,3,Yes,No,2
30,No,Middle Income,2,No,No,3
30,No,Low Income,1,No,No,4
27,Yes,High Income,1,No,Yes,5
34,No,Middle Income,4,Yes,Yes,6
34,No,Low Income,2,Yes,No,7
30,No,Low Income,3,No,Yes,8
36,Yes,High Income,1,No,No,9
34,No,Low Income,1,Yes,Yes,10
28,No,Middle Income,2,No,No,11
35,No Record,Middle Income,1,Yes,Yes,12
34,Yes,Low Income,4,No,No,13
34,No,Middle Income,5,No,No,14
37,Yes,Low Income,6,No,Yes,15
30,No,Low Income,1,Yes,Yes,16
30,Yes,High Income,1,Yes,No,17
31,No,Middle Income,1,No,Yes,18
37,No,Low Income,2,Yes,No,19
30,No,Middle Income,4,No,Yes,20
31,Yes,High Income,1,No,No,21
34,Yes,Low Income,1,Yes,No,22
30,No Record,Middle Income,2,No,No,23
34,No,Middle Income,1,No,Yes,24
38,Yes,Low Income,1,No,Yes,25
37,No,Middle Income,3,Yes,No,26
30,No,Middle Income,5,Yes,No,27
28,No,Low Income,1,Yes,No,28
34,Yes,High Income,1,No,No,29
33,No,Middle Income,6,No,Yes,30
34,No,Low Income,2,No,No,31
27,No,Middle Income,3,Yes,No,32
35,Yes,High Income,1,No,No,33
30,No Record,Low Income,4,No,No,34
36,No,Middle Income,2,No,Yes,35
34,Yes,Low Income,1,Yes,Yes,36
37,Yes,Low Income,1,Yes,No,37
37,No,Middle Income,3,No,No,38
36,No,Middle Income,2,No,No,39
27,No,Low Income,5,No,Yes,40
36,Yes,High Income,4,No,No,41
28,No,Middle Income,1,Yes,Yes,42
30,No,Low Income,2,No,No,43
27,No,Middle Income,3,No,No,44
37,Yes,High Income,6,No,Yes,45
27,No,Low Income,1,Yes,No,46
38,No,Middle Income,2,Yes,No,47
30,No,Middle Income,4,No,Yes,48
34,Yes,Low Income,1,No,No,49
34,Yes,Low Income,3,No,Yes,50
31,No,Middle Income,2,No,No,51
34,No,Low Income,1,Yes,No,52
30,Yes,High Income,5,No,No,53
31,No,Middle Income,1,No,Yes,54
28,No,Low Income,4,Yes,Yes,55
30,No Record,Middle Income,3,Yes,Yes,56
37,Yes,High Income,1,Yes,No,57
36,No,Low Income,1,No,No,58
36,No,Middle Income,2,No,No,59
34,No,Middle Income,6,No,Yes,60
35,Yes,Low Income,1,No,No,61
30,No,Middle Income,4,Yes,No,62
29,No,Middle Income,2,No,No,63
33,Yes,Low Income,1,Yes,Yes,64
28,Yes,High Income,1,No,Yes,65
33,No,Middle Income,5,Yes,Yes,66
37,No Record,Low Income,2,Yes,No,67
31,No,Middle Income,3,No,No,68
34,Yes,High Income,4,No,No,69
37,No,Low Income,1,No,Yes,70
30,No,Low Income,2,No,No,71
30,No,Middle Income,1,Yes,Yes,72
30,Yes,Low Income,1,Yes,No,73
30,No,Middle Income,3,No,No,74
37,No,Middle Income,6,No,Yes,75
31,No,Low Income,4,Yes,No,76
34,Yes,High Income,1,Yes,No,77
34,Yes,Low Income,1,No,Yes,78
34,No,Low Income,5,No,No,79
28,No,Middle Income,3,No,Yes,80
27,Yes,High Income,1,No,No,81
30,No,Low Income,1,Yes,No,82
37,No,Middle Income,4,No,No,83
35,No,Middle Income,1,No,Yes,84
27,Yes,Low Income,1,No,Yes,85
35,No,Middle Income,3,Yes,No,86
30,No,Middle Income,2,Yes,No,87
37,No,Low Income,1,No,Yes,88
30,Yes,High Income,1,No,No,89
29,No,Middle Income,6,No,Yes,90
30,No,Low Income,2,Yes,No,91
30,No,Low Income,5,Yes,No,92
36,Yes,High Income,1,No,No,93
37,No,Low Income,1,No,No,94
28,No,Middle Income,2,No,Yes,95
30,No,Middle Income,1,Yes,Yes,96
31,Yes,Low Income,4,Yes,No,97
31,No,Middle Income,3,No,No,98
31,No,Low Income,2,No,No,99
30,No Record,Low Income,1,Yes,Yes,100
36,Yes,High Income,1,No,No,101
31,No,Middle Income,1,Yes,Yes,102
28,No,Low Income,2,No,No,103
30,No,Middle Income,4,No,Yes,104
30,Yes,High Income,6,No,Yes,105
37,Yes,Low Income,1,Yes,No,106
37,No,Middle Income,2,Yes,No,107
28,No,Middle Income,1,No,Yes,108
27,Yes,Low Income,1,Yes,No,109
34,No,Middle Income,3,No,Yes,110
30,No Record,Middle Income,4,No,No,111
33,No,Low Income,1,Yes,Yes,112
31,Yes,High Income,1,No,No,113
31,No,Middle Income,1,No,Yes,114
31,No,Low Income,2,No,Yes,115
30,No,Middle Income,3,Yes,No,116
34,Yes,High Income,1,Yes,No,117
34,No,Low Income,5,Yes,No,118
34,No,Middle Income,2,No,No,119
30,No,Low Income,6,No,Yes,120
28,Yes,Low Income,1,No,No,121
35,No Record,Middle Income,3,Yes,No,122
29,No,Middle Income,2,No,No,123
35,No,Low Income,1,No,No,124
31,Yes,High Income,4,No,Yes,125
35,No,Middle Income,1,Yes,Yes,126
29,No,Low Income,2,Yes,No,127
34,No,Middle Income,3,No,Yes,128
31,Yes,High Income,1,No,No,129
30,No,Low Income,1,No,Yes,130
30,No,Middle Income,5,No,No,131
30,No,Middle Income,4,Yes,Yes,132
27,Yes,Low Income,1,No,No,133
30,No,Low Income,3,No,No,134
30,No,Middle Income,6,No,Yes,135
31,No,Low Income,1,Yes,Yes,136
31,Yes,High Income,1,Yes,No,137
30,No,Middle Income,1,No,Yes,138
38,No,Low Income,4,No,No,139
30,No,Middle Income,3,No,Yes,140
27,Yes,High Income,1,No,No,141
35,No,Low Income,1,Yes,No,142
28,No,Middle Income,2,No,No,143
34,No Record,Middle Income,5,No,Yes,144
30,Yes,Low Income,1,Yes,Yes,145
33,No,Middle Income,4,Yes,No,146
34,No,Middle Income,2,Yes,No,147
27,No,Low Income,1,No,No,148
30,Yes,High Income,1,No,No,149
30,No,Middle Income,6,No,Yes,150
31,No,Low Income,2,No,No,151
30,No,Middle Income,3,Yes,Yes,152
27,Yes,High Income,4,No,No,153
30,No,Low Income,1,Yes,No,154
37,Yes,Low Income,2,No,Yes,155
30,No,Middle Income,1,Yes,Yes,156
30,Yes,Low Income,5,Yes,No,157
34,No,Middle Income,3,No,No,158
29,No,Middle Income,2,No,No,159
34,No,Low Income,4,No,Yes,160
37,Yes,High Income,1,No,No,161
37,Yes,Low Income,1,Yes,Yes,162
35,No,Low Income,2,Yes,No,163
30,No,Middle Income,3,No,No,164
36,Yes,High Income,6,No,Yes,165
30,No Record,Low Income,1,Yes,No,166
34,No,Middle Income,4,Yes,No,167
29,No,Middle Income,1,No,Yes,168
27,Yes,Low Income,1,No,No,169
34,No,Middle Income,5,No,Yes,170
30,No,Middle Income,2,No,No,171
29,No,Low Income,1,Yes,No,172
28,Yes,High Income,1,No,No,173
37,No,Middle Income,4,No,Yes,174
33,No,Low Income,2,No,Yes,175
37,Yes,Low Income,3,Yes,Yes,176
30,Yes,High Income,1,Yes,No,177
35,No,Low Income,1,No,No,178
28,No,Middle Income,2,No,No,179
30,No,Middle Income,6,No,Yes,180
28,Yes,Low Income,4,Yes,No,181
38,No,Middle Income,3,Yes,No,182
27,No,Low Income,5,No,No,183
27,No,Low Income,1,No,No,184
30,Yes,High Income,1,No,Yes,185
30,No,Middle Income,1,Yes,Yes,186
30,No,Low Income,2,Yes,No,187
28,No Record,Middle Income,4,No,No,188
28,Yes,High Income,1,No,No,189
29,No,Low Income,1,Yes,Yes,190
33,No,Middle Income,2,No,No,191
30,No,Middle Income,1,Yes,Yes,192
37,Yes,Low Income,1,No,No,193
36,No,Middle Income,3,No,No,194
27,No,Middle Income,6,No,Yes,195
37,No,Low Income,5,Yes,No,196
31,Yes,High Income,1,Yes,No,197
27,No,Middle Income,1,No,Yes,198
33,No Record,Low Income,2,Yes,No,199
29,No,Middle Income,3,No,Yes,200
34,Yes,High Income,1,No,No,201
30,No,Low Income,4,Yes,No,202
30,No,Middle Income,2,No,No,203
35,Yes,Low Income,1,No,Yes,204
31,Yes,Low Income,1,No,Yes,205
27,No,Middle Income,3,Yes,No,206
34,No,Middle Income,2,Yes,No,207
31,No,Low Income,1,Yes,Yes,208
27,Yes,High Income,5,No,No,209
30,No Record,Middle Income,6,No,Yes,210
29,No,Low Income,2,No,No,211
30,No,Middle Income,3,Yes,No,212
28,Yes,High Income,1,No,No,213
29,No,Low Income,1,No,No,214
36,No,Middle Income,2,No,Yes,215
37,No,Middle Income,4,Yes,Yes,216
30,Yes,Low Income,1,Yes,No,217
28,No,Low Income,3,No,No,218
34,No,Middle Income,2,No,No,219
38,No,Low Income,1,No,Yes,220
30,Yes,High Income,1,No,No,221
30,No,Middle Income,5,Yes,Yes,222
33,No,Low Income,4,No,No,223
34,No,Middle Income,3,No,Yes,224
34,Yes,High Income,6,No,Yes,225
37,No,Low Income,1,Yes,No,226
37,No,Middle Income,2,Yes,No,227
37,No,Middle Income,1,No,Yes,228
37,Yes,Low Income,1,No,No,229
31,No,Middle Income,4,No,Yes,230
34,No,Middle Income,2,No,No,231
30,No Record,Low Income,1,Yes,Yes,232
34,Yes,High Income,1,No,No,233
37,No,Middle Income,1,No,Yes,234
33,No,Low Income,5,Yes,Yes,235
28,No,Middle Income,3,Yes,No,236
33,Yes,High Income,4,Yes,No,237
31,No,Low Income,1,No,No,238
28,No,Low Income,2,No,No,239
29,No,Middle Income,6,No,Yes,240
38,Yes,Low Income,1,No,No,241
36,No,Middle Income,3,Yes,No,242
28,No Record,Middle Income,2,No,No,243
29,No,Low Income,4,Yes,No,244
30,Yes,High Income,1,No,Yes,245
34,Yes,Low Income,1,Yes,Yes,246
29,No,Low Income,2,Yes,No,247
37,No,Middle Income,5,No,Yes,248
30,Yes,High Income,1,No,No,249
37,No,Low Income,1,No,Yes,250
30,No,Middle Income,4,No,No,251
31,No,Middle Income,1,Yes,Yes,252
30,Yes,Low Income,1,Yes,No,253
30,No Record,Middle Income,3,No,No,254
37,No,Middle Income,6,No,Yes,255
37,No,Low Income,1,Yes,Yes,256
36,Yes,High Income,1,Yes,No,257
31,No,Middle Income,4,No,Yes,258
36,No,Low Income,2,No,No,259
28,No,Low Income,3,No,Yes,260
30,Yes,High Income,5,No,No,261
28,No,Low Income,1,Yes,No,262
38,No,Middle Income,2,No,No,263
31,No,Middle Income,1,No,Yes,264
29,Yes,Low Income,4,No,Yes,265
34,No,Middle Income,3,Yes,No,266
36,Yes,Low Income,2,Yes,No,267
37,No,Low Income,1,No,No,268
29,Yes,High Income,1,No,No,269
37,No,Middle Income,6,No,Yes,270
38,No,Low Income,2,Yes,No,271
30,No,Middle Income,4,Yes,Yes,272
37,Yes,High Income,1,No,No,273
35,Yes,Low Income,5,No,No,274
28,No,Middle Income,2,No,Yes,275
31,No Record,Middle Income,1,Yes,Yes,276
34,Yes,Low Income,1,Yes,No,277
35,No,Middle Income,3,No,No,278
35,No,Middle Income,4,No,No,279
35,No,Low Income,1,Yes,Yes,280
28,Yes,High Income,1,No,No,281
28,No,Middle Income,1,Yes,Yes,282
28,No,Low Income,2,No,No,283
30,No,Middle Income,3,No,No,284
36,Yes,High Income,6,No,Yes,285
30,No,Low Income,4,Yes,No,286
31,No Record,Middle Income,5,Yes,No,287
31,No,Low Income,1,No,Yes,288
28,Yes,Low Income,1,Yes,No,289
35,No,Middle Income,3,No,Yes,290
37,No,Middle Income,2,No,No,291
29,No,Low Income,1,Yes,No,292
34,Yes,High Income,4,No,No,293
31,No,Middle Income,1,No,Yes,294
30,No,Low Income,2,No,Yes,295
35,No,Middle Income,3,Yes,Yes,296
38,Yes,High Income,1,Yes,No,297
27,No Record,Low Income,1,Yes,No,298
29,No,Middle Income,2,No,No,299
35,No,Middle Income,6,No,Yes,300
29,Yes,Low Income,1,No,No,301
37,Yes,Low Income,3,Yes,No,302
34,No,Middle Income,2,No,No,303
37,No,Low Income,1,No,Yes,304
28,Yes,High Income,1,No,Yes,305
36,No,Middle Income,1,Yes,Yes,306
30,No,Low Income,4,Yes,No,307
37,No,Middle Income,3,No,No,308
36,Yes,High Income,1,No,No,309
33,No,Low Income,1,No,Yes,310
37,No,Middle Income,2,No,No,311
35,No,Middle Income,1,Yes,Yes,312
27,Yes,Low Income,5,No,No,313
28,No,Middle Income,4,No,No,314
30,No,Middle Income,6,No,Yes,315
34,Yes,Low Income,1,Yes,No,316
35,Yes,High Income,1,Yes,No,317
37,No,Middle Income,1,No,Yes,318
27,No,Low Income,2,No,No,319
38,No Record,Middle Income,3,No,Yes,320
30,Yes,High Income,4,No,No,321
30,No,Low Income,1,Yes,No,322
36,Yes,Low Income,2,No,No,323
30,No,Middle Income,1,No,Yes,324
34,Yes,Low Income,1,Yes,Yes,325
30,No,Middle Income,5,Yes,No,326
37,No,Middle Income,2,Yes,No,327
37,No,Low Income,4,No,Yes,328
30,Yes,High Income,1,No,No,329
38,Yes,Low Income,6,No,Yes,330
36,No Record,Low Income,2,No,No,331
34,No,Middle Income,3,Yes,No,332
34,Yes,High Income,1,No,No,333
31,No,Low Income,1,Yes,No,334
30,No,Middle Income,4,No,Yes,335
35,No,Middle Income,1,Yes,Yes,336
33,Yes,Low Income,1,Yes,No,337
30,No,Middle Income,3,No,No,338
31,No,Middle Income,5,No,No,339
29,No,Low Income,1,No,Yes,340
30,Yes,High Income,1,No,No,341
30,No Record,Middle Income,4,Yes,Yes,342
30,No,Low Income,2,Yes,No,343
35,Yes,Low Income,3,No,Yes,344
31,Yes,High Income,6,No,Yes,345
27,No,Low Income,1,Yes,No,346
37,No,Middle Income,2,Yes,No,347
34,No,Middle Income,1,No,Yes,348
30,Yes,Low Income,4,No,No,349
34,No,Middle Income,3,No,Yes,350
31,No,Low Income,2,No,No,351
34,No,Low Income,5,Yes,Yes,352
34,Yes,High Income,1,No,No,353
27,No,Middle Income,1,No,Yes,354
30,No,Low Income,2,No,Yes,355
37,No,Middle Income,4,Yes,No,356
37,Yes,High Income,1,Yes,No,357
37,Yes,Low Income,1,No,No,358
27,No,Middle Income,2,No,No,359
30,No,Middle Income,6,No,Yes,360
31,Yes,Low Income,1,Yes,No,361
30,No,Middle Income,3,Yes,No,362
37,No,Middle Income,4,No,No,363
34,No Record,Low Income,1,No,No,364
27,Yes,High Income,5,No,Yes,365
30,No,Middle Income,1,Yes,Yes,366
34,No,Low Income,2,Yes,No,367
38,No,Middle Income,3,No,Yes,368
35,Yes,High Income,1,No,No,369
34,No,Low Income,4,Yes,Yes,370
29,No,Middle Income,2,No,No,371
31,No,Low Income,1,Yes,Yes,372
30,Yes,Low Income,1,No,No,373
30,No,Middle Income,3,No,No,374
30,No Record,Middle Income,6,No,Yes,375
34,No,Low Income,1,Yes,Yes,376
29,Yes,High Income,4,Yes,No,377
27,No,Middle Income,5,No,Yes,378
29,No,Low Income,2,Yes,No,379
30,No,Middle Income,3,No,Yes,380
31,Yes,High Income,1,No,No,381
34,No,Low Income,1,Yes,No,382
31,No,Middle Income,2,No,No,383
36,No,Middle Income,4,No,Yes,384
37,Yes,Low Income,1,No,Yes,385
30,No Record,Low Income,3,Yes,No,386
30,No,Middle Income,2,Yes,No,387
30,No,Low Income,1,Yes,No,388
34,Yes,High Income,1,No,No,389
36,No,Middle Income,6,No,Yes,390
30,No,Low Income,5,No,No,391
34,No,Middle Income,3,Yes,Yes,392
31,Yes,High Income,1,No,No,393
30,No,Low Income,1,No,No,394
35,No,Middle Income,2,No,Yes,395
36,No,Middle Income,1,Yes,Yes,396
27,Yes,Low Income,1,Yes,No,397
30,No,Middle Income,4,No,No,398
38,No,Middle Income,2,No,No,399
31,No,Low Income,1,No,Yes,400
37,Yes,High Income,1,No,No,401
34,No,Middle Income,1,Yes,Yes,402
30,No,Low Income,2,No,No,403
36,No,Middle Income,5,No,No,404
35,Yes,High Income,6,No,Yes,405
30,No,Low Income,1,Yes,No,406
27,No,Low Income,2,Yes,No,407
34,No Record,Middle Income,1,No,Yes,408
30,Yes,Low Income,1,No,No,409
30,No,Middle Income,3,No,Yes,410
30,No,Middle Income,2,No,No,411
30,No,Low Income,4,Yes,No,412
27,Yes,High Income,1,No,No,413
36,Yes,Low Income,1,No,Yes,414
30,No,Low Income,2,Yes,Yes,415
34,No,Middle Income,3,Yes,Yes,416
34,Yes,High Income,5,Yes,No,417
37,No,Low Income,1,No,No,418
27,No Record,Middle Income,4,No,No,419
37,No,Middle Income,6,No,Yes,420
30,Yes,Low Income,1,No,No,421
37,No,Middle Income,3,Yes,No,422
27,No,Middle Income,2,No,No,423
31,No,Low Income,1,Yes,Yes,424
31,Yes,High Income,1,No,Yes,425
27,No,Middle Income,4,Yes,Yes,426
27,No,Low Income,2,Yes,No,427
30,No,Low Income,3,No,No,428
35,Yes,High Income,1,No,No,429
28,No Record,Low Income,5,No,Yes,430
30,No,Middle Income,2,No,No,431
37,No,Middle Income,1,Yes,Yes,432
30,Yes,Low Income,4,Yes,No,433
37,No,Middle Income,3,No,No,434
37,Yes,Low Income,6,No,Yes,435
30,No,Low Income,1,Yes,No,436
29,Yes,High Income,1,Yes,No,437
36,No,Middle Income,1,No,Yes,438
30,No,Low Income,2,No,No,439
37,No,Middle Income,4,No,Yes,440
37,Yes,High Income,1,No,No,441
31,No,Low Income,1,Yes,No,442
27,No,Middle Income,5,No,No,443
30,No,Middle Income,1,No,Yes,444
29,Yes,Low Income,1,No,Yes,445
30,No,Middle Income,3,Yes,No,446
31,No,Middle Income,4,Yes,No,447
36,No,Low Income,1,No,Yes,448
34,Yes,High Income,1,No,No,449
34,No,Middle Income,6,No,Yes,450
30,No,Low Income,2,Yes,No,451
37,No Record,Middle Income,3,Yes,No,452
34,Yes,High Income,1,No,No,453
30,No,Low Income,4,No,No,454
38,No,Middle Income,2,No,Yes,455
28,No,Low Income,5,Yes,Yes,456
27,Yes,Low Income,1,Yes,No,457
28,No,Middle Income,3,No,No,458
37,No,Middle Income,2,No,No,459
27,No,Low Income,1,Yes,Yes,460
38,Yes,High Income,4,No,No,461
28,No,Middle Income,1,Yes,Yes,462
36,Yes,Low Income,2,No,No,463
37,No,Middle Income,3,No,Yes,464
28,Yes,High Income,6,No,Yes,465
30,No,Low Income,1,Yes,No,466
28,No,Middle Income,2,Yes,No,467
30,No,Middle Income,4,No,Yes,468
27,Yes,Low Income,5,Yes,No,469
30,No,Low Income,3,No,Yes,470
28,No,Middle Income,2,No,No,471
30,No,Low Income,1,Yes,Yes,472
27,Yes,High Income,1,No,No,473
34,No Record,Middle Income,1,No,Yes,474
37,No,Low Income,4,No,Yes,475
36,No,Middle Income,3,Yes,No,476
37,Yes,High Income,1,Yes,No,477
31,No,Low Income,1,Yes,No,478
37,No,Middle Income,2,No,No,479
37,No,Middle Income,6,No,Yes,480
31,Yes,Low Income,1,No,No,481
35,No,Middle Income,5,Yes,No,482
30,No,Middle Income,2,No,No,483
36,Yes,Low Income,1,No,No,484
29,Yes,High Income,1,No,Yes,485
36,No,Middle Income,1,Yes,Yes,486
37,No,Low Income,2,Yes,No,487
30,No,Middle Income,3,No,Yes,488
33,Yes,High Income,4,No,No,489
31,No,Low Income,1,No,Yes,490
30,No,Low Income,2,No,No,491
37,No,Middle Income,1,Yes,Yes,492
31,Yes,Low Income,1,No,No,493
37,No,Middle Income,3,No,No,494
34,No,Middle Income,6,No,Yes,495
28,No Record,Low Income,4,Yes,Yes,496
30,Yes,High Income,1,Yes,No,497
31,No,Low Income,1,No,Yes,498
35,No,Low Income,2,No,No,499
28,No,Middle Income,3,No,Yes,500
34,Yes,High Income,1,No,No,501
30,No,Low Income,1,Yes,No,502
34,No,Middle Income,4,No,No,503
31,No,Middle Income,1,No,Yes,504
30,Yes,Low Income,1,Yes,Yes,505
30,No,Middle Income,3,Yes,No,506
35,No Record,Middle Income,2,Yes,No,507
30,No,Low Income,5,No,No,508
30,Yes,High Income,1,No,No,509
34,No,Middle Income,6,No,Yes,510
34,No,Low Income,2,No,No,511
31,No,Low Income,3,Yes,Yes,512
29,Yes,High Income,1,No,No,513
30,No,Low Income,1,Yes,No,514
29,No,Middle Income,2,No,Yes,515
34,No,Middle Income,1,Yes,Yes,516
34,Yes,Low Income,4,Yes,No,517
31,No Record,Middle Income,3,No,No,518
27,No,Low Income,2,No,No,519
38,No,Low Income,1,No,Yes,520
30,Yes,High Income,5,No,No,521
38,No,Middle Income,1,Yes,Yes,522
36,No,Low Income,2,Yes,No,523
35,No,Middle Income,4,No,No,524
28,Yes,High Income,6,No,Yes,525
34,Yes,Low Income,1,Yes,No,526
30,No,Middle Income,2,Yes,No,527
27,No,Middle Income,1,No,Yes,528
30,Yes,Low Income,1,No,No,529
31,No,Middle Income,3,No,Yes,530
30,No,Middle Income,4,No,No,531
34,No,Low Income,1,Yes,No,532
31,Yes,High Income,1,No,No,533
29,No,Middle Income,5,No,Yes,534
34,No,Low Income,2,No,Yes,535
33,No,Middle Income,3,Yes,Yes,536
31,Yes,High Income,1,Yes,No,537
30,No,Low Income,4,No,No,538
36,No,Middle Income,2,No,No,539
28,No Record,Low Income,6,No,Yes,540
31,Yes,Low Income,1,Yes,No,541
29,No,Middle Income,3,Yes,No,542
37,No,Middle Income,2,No,No,543
34,No,Low Income,1,No,Yes,544
28,Yes,High Income,4,No,Yes,545
30,No,Middle Income,1,Yes,Yes,546
28,No,Low Income,5,Yes,No,547
29,No,Middle Income,3,No,No,548
30,Yes,High Income,1,No,No,549
37,No,Low Income,1,Yes,Yes,550
27,No Record,Middle Income,2,No,No,551
29,No,Middle Income,4,Yes,Yes,552
36,Yes,Low Income,1,No,No,553
35,Yes,Low Income,3,No,No,554
28,No,Middle Income,6,No,Yes,555
36,No,Low Income,1,Yes,No,556
29,Yes,High Income,1,Yes,No,557
37,No,Middle Income,1,No,Yes,558
31,No,Low Income,4,Yes,No,559
28,No,Middle Income,5,No,Yes,560
31,Yes,High Income,1,No,No,561
36,No Record,Low Income,1,Yes,No,562
36,No,Middle Income,2,No,No,563
31,No,Middle Income,1,No,Yes,564
30,Yes,Low Income,1,No,Yes,565
29,No,Middle Income,4,Yes,No,566
38,No,Middle Income,2,Yes,No,567
38,Yes,Low Income,1,Yes,Yes,568
29,Yes,High Income,1,No,No,569
27,No,Middle Income,6,No,Yes,570
35,No,Low Income,2,No,No,571
30,No,Middle Income,3,Yes,No,572
29,Yes,High Income,5,No,No,573
31,No,Low Income,1,No,No,574
31,No,Low Income,2,No,Yes,575
34,No,Middle Income,1,Yes,Yes,576
29,Yes,Low Income,1,Yes,No,577
37,No,Middle Income,3,No,No,578
36,No,Middle Income,2,No,No,579
34,No,Low Income,4,No,Yes,580
30,Yes,High Income,1,No,No,581
31,No,Low Income,1,Yes,Yes,582
31,No,Low Income,2,No,No,583
31,No Record,Middle Income,3,No,Yes,584
37,Yes,High Income,6,No,Yes,585
30,No,Low Income,5,Yes,No,586
31,No,Middle Income,4,Yes,No,587
38,No,Middle Income,1,No,Yes,588
28,Yes,Low Income,1,No,No,589
30,No,Middle Income,3,No,Yes,590
27,No,Middle Income,2,No,No,591
27,No,Low Income,1,Yes,No,592
30,Yes,High Income,1,No,No,593
36,No,Middle Income,4,No,Yes,594
27,No Record,Low Income,2,Yes,Yes,595
34,Yes,Low Income,3,Yes,No,596
37,Yes,High Income,1,Yes,No,597
38,No,Low Income,1,No,No,598
37,No,Middle Income,5,No,No,599
37,No,Middle Income,6,No,Yes,600
37,Yes,Low Income,4,No,No,601
37,No,Middle Income,3,Yes,No,602
36,Yes,Low Income,2,No,No,603
35,No,Low Income,1,Yes,No,604
30,Yes,High Income,1,No,Yes,605
30,No Record,Middle Income,1,Yes,Yes,606
30,No,Low Income,2,Yes,No,607
30,No,Middle Income,4,No,Yes,608
30,Yes,High Income,1,No,No,609
34,Yes,Low Income,1,No,Yes,610
30,No,Middle Income,2,No,No,611
30,No,Middle Income,5,Yes,Yes,612
34,Yes,Low Income,1,Yes,No,613
37,No,Middle Income,3,No,No,614
30,No,Middle Income,6,No,Yes,615
29,No,Low Income,1,Yes,Yes,616
33,Yes,High Income,1,Yes,No,617
34,No,Middle Income,1,No,Yes,618
38,No,Low Income,2,No,No,619
31,No,Middle Income,3,No,Yes,620
30,Yes,High Income,1,No,No,621
35,No,Low Income,4,Yes,No,622
30,No,Middle Income,2,No,No,623
37,Yes,Low Income,1,No,Yes,624
34,Yes,Low Income,5,No,Yes,625
30,No,Middle Income,3,Yes,No,626
29,No,Middle Income,2,Yes,No,627
30,No Record,Low Income,1,No,No,628
27,Yes,High Income,4,No,No,629
30,No,Middle Income,6,No,Yes,630
36,Yes,Low Income,2,Yes,No,631
37,No,Middle Income,3,Yes,Yes,632
30,Yes,High Income,1,No,No,633
37,No,Low Income,1,No,No,634
30,No,Middle Income,2,No,Yes,635
27,No,Middle Income,4,Yes,Yes,636
37,Yes,Low Income,1,Yes,No,637
28,No,Low Income,5,No,No,638
34,No Record,Middle Income,2,No,No,639
29,No,Low Income,1,Yes,Yes,640
37,Yes,High Income,1,No,No,641
28,No,Middle Income,1,Yes,Yes,642
30,No,Low Income,4,No,No,643
35,No,Middle Income,3,No,No,644
30,Yes,High Income,6,No,Yes,645
30,No,Low Income,1,Yes,No,646
37,No,Middle Income,2,Yes,No,647
30,No,Middle Income,1,No,Yes,648
30,Yes,Low Income,1,Yes,No,649
28,No Record,Middle Income,4,No,Yes,650
36,No,Middle Income,5,No,No,651
36,Yes,Low Income,1,Yes,No,652
29,Yes,High Income,1,No,No,653
35,No,Middle Income,1,No,Yes,654
30,No,Low Income,2,No,Yes,655
34,No,Middle Income,3,Yes,Yes,656
30,Yes,High Income,4,Yes,No,657
33,No,Low Income,1,Yes,No,658
37,Yes,Low Income,2,No,No,659
30,No,Middle Income,6,No,Yes,660
30,Yes,Low Income,1,No,No,661
28,No,Middle Income,3,Yes,No,662
35,No,Middle Income,2,No,No,663
37,No,Low Income,5,No,Yes,664
30,Yes,High Income,1,No,Yes,665
30,No,Low Income,1,Yes,Yes,666
28,No,Low Income,2,Yes,No,667
36,No,Middle Income,3,No,No,668
28,Yes,High Income,1,No,No,669
30,No,Low Income,1,No,Yes,670
31,No,Middle Income,4,No,No,671
29,No Record,Middle Income,1,Yes,Yes,672
33,Yes,Low Income,1,No,No,673
29,No,Middle Income,3,No,No,674
29,No,Middle Income,6,No,Yes,675
31,No,Low Income,1,Yes,No,676
29,Yes,High Income,5,Yes,No,677
27,No,Middle Income,4,No,Yes,678
28,No,Low Income,2,No,No,679
31,No,Low Income,3,No,Yes,680
30,Yes,High Income,1,No,No,681
28,No,Low Income,1,Yes,No,682
30,No Record,Middle Income,2,No,No,683
27,No,Middle Income,1,No,Yes,684
37,Yes,Low Income,4,Yes,Yes,685
36,No,Middle Income,3,Yes,No,686
30,No,Low Income,2,Yes,No,687
36,No,Low Income,1,No,Yes,688
29,Yes,High Income,1,No,No,689
36,No,Middle Income,6,No,Yes,690
34,No,Low Income,2,No,No,691
34,No,Middle Income,4,Yes,No,692
29,Yes,High Income,1,No,No,693
37,Yes,Low Income,1,Yes,No,694
30,No,Middle Income,2,No,Yes,695
35,No,Middle Income,1,Yes,Yes,696
27,Yes,Low Income,1,Yes,No,697
36,No,Middle Income,3,No,No,698
35,No,Middle Income,4,No,No,699
30,No,Low Income,1,No,Yes,700
31,Yes,High Income,1,No,No,701
30,No,Middle Income,1,Yes,Yes,702
29,No,Low Income,5,Yes,No,703
36,No,Middle Income,3,No,Yes,704
29,Yes,High Income,6,No,Yes,705
37,No,Low Income,4,Yes,No,706
30,No,Middle Income,2,Yes,No,707
37,Yes,Low Income,1,No,Yes,708
36,Yes,Low Income,1,No,No,709
28,No,Middle Income,3,No,Yes,710
37,No,Middle Income,2,No,No,711
30,No,Low Income,1,Yes,Yes,712
30,Yes,High Income,4,No,No,713
30,No,Middle Income,1,No,Yes,714
30,No,Low Income,2,No,Yes,715
31,No Record,Middle Income,5,Yes,No,716
30,Yes,High Income,1,Yes,No,717
29,No,Low Income,1,No,No,718
37,No,Middle Income,2,No,No,719
29,No,Middle Income,6,No,Yes,720
37,Yes,Low Income,1,Yes,No,721
36,Yes,Low Income,3,Yes,No,722
31,No,Middle Income,2,No,No,723
27,No,Low Income,1,No,No,724
33,Yes,High Income,1,No,Yes,725
27,No,Middle Income,1,Yes,Yes,726
37,No Record,Low Income,4,Yes,No,727
30,No,Middle Income,3,No,Yes,728
29,Yes,High Income,5,No,No,729
34,No,Low Income,1,Yes,Yes,730
30,No,Middle Income,2,No,No,731
33,No,Middle Income,1,Yes,Yes,732
29,Yes,Low Income,1,No,No,733
37,No,Middle Income,4,No,No,734
30,No,Middle Income,6,No,Yes,735
33,Yes,Low Income,1,Yes,Yes,736
30,Yes,High Income,1,Yes,No,737
30,No Record,Middle Income,1,No,Yes,738
36,No,Low Income,2,Yes,No,739
37,No,Middle Income,3,No,Yes,740
37,Yes,High Income,4,No,No,741
37,No,Low Income,5,Yes,No,742
31,No,Low Income,2,No,No,743
31,No,Middle Income,1,No,Yes,744
30,Yes,Low Income,1,No,Yes,745
29,No,Middle Income,3,Yes,No,746
37,No,Middle Income,2,Yes,No,747
30,No,Low Income,4,Yes,No,748
37,Yes,High Income,1,No,No,749
38,Yes,Low Income,6,No,Yes,750
30,No,Low Income,2,No,No,751
30,No,Middle Income,3,Yes,Yes,752
36,Yes,High Income,1,No,No,753
35,No,Low Income,1,No,No,754
31,No,Middle Income,5,No,Yes,755
30,No,Middle Income,1,Yes,Yes,756
29,Yes,Low Income,1,Yes,No,757
36,No,Middle Income,3,No,No,758
37,No,Middle Income,2,No,No,759
29,No Record,Low Income,1,No,Yes,760
28,Yes,High Income,1,No,No,761
30,No,Middle Income,4,Yes,Yes,762
30,No,Low Income,2,No,No,763
29,No,Low Income,3,No,No,764
31,Yes,High Income,6,No,Yes,765
37,No,Low Income,1,Yes,No,766
30,No,Middle Income,2,Yes,No,767
37,No,Middle Income,5,No,Yes,768
33,Yes,Low Income,4,No,No,769
30,No,Middle Income,3,No,Yes,770
31,No Record,Low Income,2,No,No,771
38,No,Low Income,1,Yes,No,772
34,Yes,High Income,1,No,No,773
30,No,Middle Income,1,No,Yes,774
35,No,Low Income,2,Yes,Yes,775
27,No,Middle Income,4,Yes,No,776
29,Yes,High Income,1,Yes,No,777
29,No,Low Income,1,No,No,778
27,No,Middle Income,2,No,No,779
34,No,Middle Income,6,No,Yes,780
29,Yes,Low Income,5,No,No,781
30,No Record,Middle Income,3,Yes,No,782
31,No,Middle Income,4,No,No,783
34,No,Low Income,1,Yes,Yes,784
31,Yes,High Income,1,No,Yes,785
31,No,Middle Income,1,Yes,Yes,786
37,No,Low Income,2,Yes,No,787
37,No,Middle Income,3,No,No,788
30,Yes,High Income,1,No,No,789
35,No,Low Income,4,No,Yes,790
38,No,Middle Income,2,No,No,791
30,No,Low Income,1,Yes,Yes,792
30,Yes,Low Income,1,Yes,No,793
28,No,Middle Income,5,No,No,794
35,No,Middle Income,6,No,Yes,795
30,No,Low Income,1,Yes,No,796
30,Yes,High Income,4,Yes,No,797
37,No,Middle Income,1,No,Yes,798
34,Yes,Low Income,2,No,No,799
34,No,Middle Income,3,No,Yes,800
34,Yes,High Income,1,No,No,801
33,No,Low Income,1,Yes,No,802
31,No,Middle Income,2,No,No,803
29,No Record,Middle Income,4,No,Yes,804
31,Yes,Low Income,1,No,Yes,805
33,Yes,Low Income,3,Yes,No,806
29,No,Middle Income,5,Yes,No,807
37,No,Low Income,1,No,Yes,808
33,Yes,High Income,1,No,No,809
31,No,Middle Income,6,No,Yes,810
28,No,Low Income,4,Yes,No,811
36,No,Middle Income,3,Yes,No,812
33,Yes,High Income,1,No,No,813
31,No,Low Income,1,No,No,814
27,No Record,Middle Income,2,No,Yes,815
37,No,Middle Income,1,Yes,Yes,816
29,Yes,Low Income,1,Yes,No,817
30,No,Middle Income,4,No,No,818
30,No,Middle Income,2,No,No,819
27,No,Low Income,5,Yes,Yes,820
37,Yes,High Income,1,No,No,821
31,No,Middle Income,1,Yes,Yes,822
30,No,Low Income,2,No,No,823
35,No,Middle Income,3,No,Yes,824
31,Yes,High Income,6,No,Yes,825
30,No Record,Low Income,1,Yes,No,826
35,Yes,Low Income,2,Yes,No,827
37,No,Middle Income,1,No,Yes,828
28,Yes,Low Income,1,Yes,No,829
37,No,Middle Income,3,No,Yes,830
29,No,Middle Income,2,No,No,831
37,No,Low Income,4,Yes,Yes,832
34,Yes,High Income,5,No,No,833
36,Yes,Low Income,1,No,Yes,834
38,No,Low Income,2,No,Yes,835
30,No,Middle Income,3,Yes,No,836
31,Yes,High Income,1,Yes,No,837
31,No,Low Income,1,Yes,No,838
28,No,Middle Income,4,No,No,839
30,No,Middle Income,6,No,Yes,840
37,Yes,Low Income,1,No,No,841
31,No,Middle Income,3,Yes,No,842
31,No,Middle Income,2,No,No,843
36,No,Low Income,1,No,No,844
30,Yes,High Income,1,No,Yes,845
30,No,Middle Income,5,Yes,Yes,846
31,No,Low Income,2,Yes,No,847
38,Yes,Low Income,3,No,Yes,848
37,Yes,High Income,1,No,No,849
35,No,Low Income,1,No,Yes,850
30,No,Middle Income,2,No,No,851
29,No,Middle Income,1,Yes,Yes,852
34,Yes,Low Income,4,No,No,853
35,No,Middle Income,3,No,No,854
28,No,Low Income,6,No,Yes,855
37,No,Low Income,1,Yes,Yes,856
30,Yes,High Income,1,Yes,No,857
29,No,Middle Income,1,No,Yes,858
30,No Record,Low Income,5,No,No,859
37,No,Middle Income,4,No,Yes,860
33,Yes,High Income,1,No,No,861
30,No,Low Income,1,Yes,No,862
31,No,Middle Income,2,No,No,863
28,No,Middle Income,1,No,Yes,864
34,Yes,Low Income,1,Yes,Yes,865
34,No,Middle Income,3,Yes,No,866
36,No,Middle Income,4,Yes,No,867
30,No,Low Income,1,No,No,868
36,Yes,High Income,1,No,No,869
38,No Record,Middle Income,6,No,Yes,870
27,No,Low Income,2,No,No,871
29,No,Middle Income,5,Yes,Yes,872
35,Yes,High Income,1,No,No,873
30,No,Low Income,4,Yes,No,874
31,No,Middle Income,2,No,Yes,875
30,No,Low Income,1,Yes,Yes,876
28,Yes,Low Income,1,Yes,No,877
28,No,Middle Income,3,No,No,878
31,No,Middle Income,2,No,No,879
30,No,Low Income,1,No,Yes,880
31,Yes,High Income,4,No,No,881
28,No,Middle Income,1,Yes,Yes,882
30,No,Low Income,2,Yes,No,883
38,No,Middle Income,3,No,No,884
35,Yes,High Income,6,No,Yes,885
34,No,Low Income,1,Yes,No,886
30,No,Middle Income,2,Yes,No,887
30,No,Middle Income,4,No,Yes,888
38,Yes,Low Income,1,No,No,889
36,Yes,Low Income,3,No,Yes,890
31,No,Middle Income,2,No,No,891
31,No Record,Low Income,1,Yes,No,892
34,Yes,High Income,1,No,No,893
33,No,Middle Income,1,No,Yes,894
30,No,Low Income,4,No,Yes,895
36,No,Middle Income,3,Yes,Yes,896
34,Yes,High Income,1,Yes,No,897
34,No,Low Income,5,No,No,898
27,No,Middle Income,2,No,No,899
31,No,Middle Income,6,No,Yes,900
36,Yes,Low Income,1,Yes,No,901
37,No,Middle Income,4,Yes,No,902
30,No Record,Middle Income,2,No,No,903
30,No,Low Income,1,No,Yes,904
30,Yes,High Income,1,No,Yes,905
37,No,Middle Income,1,Yes,Yes,906
28,No,Low Income,2,Yes,No,907
37,No,Middle Income,3,No,No,908
28,Yes,High Income,4,No,No,909
37,No,Low Income,1,Yes,Yes,910
29,No,Low Income,5,No,No,911
34,No,Middle Income,1,Yes,Yes,912
34,Yes,Low Income,1,No,No,913
35,No Record,Middle Income,3,No,No,914
30,No,Middle Income,6,No,Yes,915
28,No,Low Income,4,Yes,No,916
30,Yes,High Income,1,Yes,No,917
36,Yes,Low Income,1,No,Yes,918
28,No,Low Income,2,Yes,No,919
35,No,Middle Income,3,No,Yes,920
36,Yes,High Income,1,No,No,921
31,No,Low Income,1,Yes,No,922
30,No,Middle Income,4,No,No,923
34,No,Middle Income,5,No,Yes,924
33,Yes,Low Income,1,No,Yes,925
37,No,Middle Income,3,Yes,No,926
36,No,Middle Income,2,Yes,No,927
28,No,Low Income,1,Yes,Yes,928
28,Yes,High Income,1,No,No,929
37,No,Middle Income,6,No,Yes,930
30,No,Low Income,2,No,No,931
29,No,Low Income,3,Yes,No,932
30,Yes,High Income,1,No,No,933
30,No,Low Income,1,No,No,934
29,No,Middle Income,2,No,Yes,935
36,No Record,Middle Income,1,Yes,Yes,936
30,Yes,Low Income,5,Yes,No,937
30,No,Middle Income,3,No,No,938
34,Yes,Low Income,2,No,No,939
27,No,Low Income,1,No,Yes,940
37,Yes,High Income,1,No,No,941
27,No,Middle Income,1,Yes,Yes,942
31,No,Low Income,2,No,No,943
36,No,Middle Income,4,No,Yes,944
30,Yes,High Income,6,No,Yes,945
27,No,Low Income,1,Yes,No,946
38,No Record,Middle Income,2,Yes,No,947
31,No,Middle Income,1,No,Yes,948
31,Yes,Low Income,1,No,No,949
30,No,Middle Income,5,No,Yes,950
37,No,Middle Income,4,No,No,951
30,No,Low Income,1,Yes,Yes,952
31,Yes,High Income,1,No,No,953
